asup12,#N/A
avaprfprd01,Red Hat Enterprise Linux 6 (64-bit)
avaprftst01,Red Hat Enterprise Linux 6 (64-bit)
brsprfprd01,Red Hat Enterprise Linux 6 (64-bit)
brsprfprd02,Red Hat Enterprise Linux 6 (64-bit)
capact08,#N/A
cascprtprd01,#N/A
ccesatprd03,#N/A
ccusatprd07,Microsoft Windows Server 2012 (64-bit)
cned1fp1,#N/A
ctsapptst001,#N/A
ddvscappprd01,#N/A
ddvscappprd02,#N/A
esr3gscprd01,Red Hat Enterprise Linux 7 (64-bit)
esr3gscprd06,Red Hat Enterprise Linux 7 (64-bit)
esrgscprd01,#N/A
fileserver02,#N/A
iastoogle0001,#N/A
ls-xplore1,#N/A
ls-xplore2,#N/A
meatloaf,#N/A
mkingery-dw,#N/A
mvmcalifse,#N/A
nsdellgapa,Red Hat Enterprise Linux 7 (64-bit)
pctgenscprd01,#N/A
pctgenscprd02,#N/A
pctgenscprd03,#N/A
pdsscprd02,#N/A
plepodocbroker,#N/A
plkpwplca01,Microsoft Windows Server 2012 (64-bit)
pls-asup07,#N/A
pls-asup08,#N/A
pls-asup09,#N/A
pls-crmdb-it,#N/A
pls-ops-master,#N/A
pls-ops-prod,#N/A
pls-report-int,#N/A
pls-rose,#N/A
pwd-qtoolprd05,#N/A
pws-gsprprd01,Microsoft Windows Server 2016 or later (64-bit)
pws-gsprprd02,Microsoft Windows Server 2008 R2 (64-bit)
pws-inputmail,#N/A
pws-jpcswebprd1,#N/A
suptools3,#N/A
tls-asup02,#N/A
uscsrollsml4c,#N/A
verpwsczamrec01,Microsoft Windows Server 2016 or later (64-bit)
verpwsczamrec02,Microsoft Windows Server 2016 or later (64-bit)
verwurecprd03,#N/A
verwurecprd04,#N/A
verwusrecprd01,#N/A
verwusrecprd02,#N/A
vrnscasc1,Microsoft Windows Server 2008 R2 (64-bit)
vrnscasc2,Microsoft Windows Server 2008 R2 (64-bit)
wcu-d2appp1,#N/A
wcu-d2appp2,#N/A
wcu-d2appt1,#N/A
wcu-d2appt2,#N/A
wcu-extnttldapdv1,#N/A
wcu-gullus,#N/A
wcu-learnapp2,#N/A
wcu-sagehen,#N/A
wcu-sjcldapdv1,#N/A
wcu-sjcldappr1,#N/A
wcu-sjcldappr2,#N/A
wcu-sjcprs,#N/A
wcu-syrah,#N/A
wcw-capsd02,#N/A
wcw-dmprod,#N/A
wcw-grebes1,#N/A
wcw-kiwis1,#N/A
wcw-learnapp1,#N/A
wcw-learnapp3,#N/A
wcw-learnapp4,#N/A
wcw-learnapp7,#N/A
wcw-peacock,#N/A
wcw-rendserv,#N/A
wcw-thrush,#N/A
wcw-vireo,#N/A
wcw-waxwing,#N/A
